Age,Gender,Zipcode,Disease
40,Female,12345,DiseaseC
45,Male,45678,DiseaseA
35,Female,45678,DiseaseC
45,Male,45678,DiseaseA
45,Female,12345,DiseaseC
30,Male,12345,DiseaseB
35,Female,12345,DiseaseC
35,Male,34567,DiseaseA
35,Male,12345,DiseaseA
45,Female,12345,DiseaseB
40,Male,12345,DiseaseC
35,Female,34567,DiseaseC
45,Female,12345,DiseaseB
30,Female,45678,DiseaseC
40,Female,12345,DiseaseC
30,Female,45678,DiseaseA
40,Female,45678,DiseaseC
45,Female,45678,DiseaseC
25,Female,34567,DiseaseB
40,Female,34567,DiseaseB
30,Female,34567,DiseaseD
45,Female,12345,DiseaseA
40,Male,45678,DiseaseC
25,Male,34567,DiseaseC
25,Female,34567,DiseaseD
35,Female,12345,DiseaseC
35,Female,34567,DiseaseA
30,Female,12345,DiseaseD
40,Female,23456,DiseaseA
40,Female,34567,DiseaseD
35,Female,23456,DiseaseD
40,Female,12345,DiseaseB
40,Male,45678,DiseaseA
25,Female,34567,DiseaseC
35,Male,12345,DiseaseC
45,Female,45678,DiseaseA
35,Female,45678,DiseaseC
45,Male,23456,DiseaseC
25,Female,12345,DiseaseA
30,Male,45678,DiseaseD
40,Female,34567,DiseaseA
25,Female,34567,DiseaseD
40,Male,23456,DiseaseC
30,Female,45678,DiseaseC
30,Male,12345,DiseaseC
25,Female,34567,DiseaseB
30,Male,45678,DiseaseD
45,Male,45678,DiseaseB
30,Female,23456,DiseaseB
40,Female,34567,DiseaseA
