Disease,ID,Age
DiseaseC,1,40
DiseaseA,2,45
DiseaseC,3,35
DiseaseA,4,45
DiseaseC,5,45
DiseaseB,6,30
DiseaseC,7,35
DiseaseA,8,35
DiseaseA,9,35
DiseaseB,10,45
DiseaseC,11,40
DiseaseC,12,35
DiseaseB,13,45
DiseaseC,14,30
DiseaseC,15,40
DiseaseA,16,30
DiseaseC,17,40
DiseaseC,18,45
DiseaseB,19,25
DiseaseB,20,40
DiseaseD,21,30
DiseaseA,22,45
DiseaseC,23,40
DiseaseC,24,25
DiseaseD,25,25
DiseaseC,26,35
DiseaseA,27,35
DiseaseD,28,30
DiseaseA,29,40
DiseaseD,30,40
DiseaseD,31,35
DiseaseB,32,40
DiseaseA,33,40
DiseaseC,34,25
DiseaseC,35,35
DiseaseA,36,45
DiseaseC,37,35
DiseaseC,38,45
DiseaseA,39,25
DiseaseD,40,30
DiseaseA,41,40
DiseaseD,42,25
DiseaseC,43,40
DiseaseC,44,30
DiseaseC,45,30
DiseaseB,46,25
DiseaseD,47,30
DiseaseB,48,45
DiseaseB,49,30
DiseaseA,50,40