ID	Age	Gender	Zipcode	Disease	Birthdate
1	40	Female	12345	DiseaseC	1984-07-12
2	45	Male	45678	DiseaseA	1979-03-25
3	35	Female	45678	DiseaseC	1988-09-05
4	45	Male	45678	DiseaseA	1978-11-18
5	45	Female	12345	DiseaseC	1979-06-02
6	30	Male	12345	DiseaseB	1994-01-29
7	35	Female	12345	DiseaseC	1989-04-13
8	35	Male	34567	DiseaseA	1989-08-27
9	35	Male	12345	DiseaseA	1989-05-11
10	45	Female	12345	DiseaseB	1978-12-22
11	40	Male	12345	DiseaseC	1983-10-14
12	35	Female	34567	DiseaseC	1989-03-07
13	45	Female	12345	DiseaseB	1979-02-15
14	30	Female	45678	DiseaseC	1994-11-09
15	40	Female	12345	DiseaseC	1983-06-21
16	30	Female	45678	DiseaseA	1994-03-18
17	40	Female	45678	DiseaseC	1984-04-02
18	45	Female	45678	DiseaseC	1979-09-26
19	25	Female	34567	DiseaseB	1998-07-01
20	40	Female	34567	DiseaseB	1984-01-23
21	30	Female	34567	DiseaseD	1994-06-14
22	45	Female	12345	DiseaseA	1979-08-06
23	40	Male	45678	DiseaseC	1983-12-05
24	25	Male	34567	DiseaseC	1997-11-17
25	25	Female	34567	DiseaseD	1997-03-29
26	35	Female	12345	DiseaseC	1989-02-07
27	35	Female	34567	DiseaseA	1988-05-25
28	30	Female	12345	DiseaseD	1994-12-12
29	40	Female	23456	DiseaseA	1984-09-19
30	40	Female	34567	DiseaseD	1984-11-01
31	35	Female	23456	DiseaseD	1989-07-20
32	40	Female	12345	DiseaseB	1983-03-03
33	40	Male	45678	DiseaseA	1983-08-16
34	25	Female	34567	DiseaseC	1998-10-10
35	35	Male	12345	DiseaseC	1989-12-30
36	45	Female	45678	DiseaseA	1979-07-08
37	35	Female	45678	DiseaseC	1988-01-19
38	45	Male	23456	DiseaseC	1979-04-14
39	25	Female	12345	DiseaseA	1997-05-03
40	30	Male	45678	DiseaseD	1994-09-27
41	40	Female	34567	DiseaseA	1984-03-12
42	25	Female	34567	DiseaseD	1998-08-25
43	40	Male	23456	DiseaseC	1983-01-06
44	30	Female	45678	DiseaseC	1994-02-28
45	30	Male	12345	DiseaseC	1994-04-16
46	25	Female	34567	DiseaseB	1998-12-01
47	30	Male	45678	DiseaseD	1994-05-22
48	45	Male	45678	DiseaseB	1979-11-30
49	30	Female	23456	DiseaseB	1994-07-04
50	40	Female	34567	DiseaseA	1984-10-20
